[
	{
		"system": "windows",
		"firstName": "Cally",
		"lastName": "Sprowell",
		"mobileNumber": "771-488-9158",
		"message": "Nunc rhoncus dui vel sem. Sed sagittis. Nam congue, risus semper porta volutpat, quam pede lobortis ligula, sit amet eleifend pede libero quis orci. Nullam molestie nibh in lectus. Pellentesque at nulla."
	},
	{
		"system": "ios",
		"firstName": "Ingaberg",
		"lastName": "Beasleigh",
		"mobileNumber": "935-876-5089",
		"message": "Nulla mollis molestie lorem. Quisque ut erat. Curabitur gravida nisi at nibh. In hac habitasse platea dictumst. Aliquam augue quam, sollicitudin vitae, consectetuer eget, rutrum at, lorem."
	},
	{
		"system": "android",
		"firstName": "Devonna",
		"lastName": "Gudgen",
		"mobileNumber": "485-790-6718",
		"message": "In hac habitasse platea dictumst. Morbi vestibulum, velit id pretium iaculis, diam erat fermentum justo, nec condimentum neque sapien placerat ante."
	},
	{
		"system": "windows",
		"firstName": "Carleen",
		"lastName": "Audry",
		"mobileNumber": "193-911-9530",
		"message": "Nullam varius. Nulla facilisi. Cras non velit nec nisi vulputate nonummy. Maecenas tincidunt lacus at velit."
	},
	{
		"system": "android",
		"firstName": "Etty",
		"lastName": "Guisler",
		"mobileNumber": "563-884-0341",
		"message": "Morbi vestibulum, velit id pretium iaculis, diam erat fermentum justo, nec condimentum neque sapien placerat ante. Nulla justo."
	},
	{
		"system": "windows",
		"firstName": "Spense",
		"lastName": "Bedinn",
		"mobileNumber": "490-353-9693",
		"message": "Fusce congue, diam id ornare imperdiet, sapien urna pretium nisl, ut volutpat sapien arcu sed augue. Aliquam erat volutpat. In congue. Etiam justo. Etiam pretium iaculis justo."
	},
	{
		"system": "android",
		"firstName": "Forest",
		"lastName": "Notman",
		"mobileNumber": "754-252-3963",
		"message": "Ut tellus. Nulla ut erat id mauris vulputate elementum. Nullam varius. Nulla facilisi. Cras non velit nec nisi vulputate nonummy."
	},
	{
		"system": "ios",
		"firstName": "Kristine",
		"lastName": "Pierrepont",
		"mobileNumber": "638-341-7083",
		"message": "In hac habitasse platea dictumst. Morbi vestibulum, velit id pretium iaculis, diam erat fermentum justo, nec condimentum neque sapien placerat ante."
	},
	{
		"system": "windows",
		"firstName": "Bearnard",
		"lastName": "MacDonell",
		"mobileNumber": "706-630-8391",
		"message": "Nullam sit amet turpis elementum ligula vehicula consequat. Morbi a ipsum. Integer a nibh. In quis justo. Maecenas rhoncus aliquam lacus."
	},
	{
		"system": "ios",
		"firstName": "Dewie",
		"lastName": "McCooke",
		"mobileNumber": "824-959-6313",
		"message": "Maecenas rhoncus aliquam lacus. Morbi quis tortor id nulla ultrices aliquet. Maecenas leo odio, condimentum id, luctus nec, molestie sed, justo."
	},
	{
		"system": "windows",
		"firstName": "Patsy",
		"lastName": "Cockshutt",
		"mobileNumber": "986-983-6217",
		"message": "Vestibulum rutrum rutrum neque. Aenean auctor gravida sem."
	},
	{
		"system": "ios",
		"firstName": "Fayette",
		"lastName": "Maharry",
		"mobileNumber": "650-192-9847",
		"message": "Mauris enim leo, rhoncus sed, vestibulum sit amet, cursus id, turpis. Integer aliquet, massa id lobortis convallis, tortor risus dapibus augue, vel accumsan tellus nisi eu orci. Mauris lacinia sapien quis libero."
	},
	{
		"system": "ios",
		"firstName": "Rex",
		"lastName": "Hammatt",
		"mobileNumber": "186-169-8749",
		"message": "Cras non velit nec nisi vulputate nonummy. Maecenas tincidunt lacus at velit. Vivamus vel nulla eget eros elementum pellentesque. Quisque porta volutpat erat."
	},
	{
		"system": "windows",
		"firstName": "Alden",
		"lastName": "Costelloe",
		"mobileNumber": "997-647-8497",
		"message": "Quisque ut erat. Curabitur gravida nisi at nibh. In hac habitasse platea dictumst."
	},
	{
		"system": "windows",
		"firstName": "Archambault",
		"lastName": "Buxsy",
		"mobileNumber": "232-792-4267",
		"message": "Quisque porta volutpat erat. Quisque erat eros, viverra eget, congue eget, semper rutrum, nulla. Nunc purus."
	},
	{
		"system": "ios",
		"firstName": "Bren",
		"lastName": "Siddeley",
		"mobileNumber": "315-970-5527",
		"message": "Donec ut dolor. Morbi vel lectus in quam fringilla rhoncus. Mauris enim leo, rhoncus sed, vestibulum sit amet, cursus id, turpis. Integer aliquet, massa id lobortis convallis, tortor risus dapibus augue, vel accumsan tellus nisi eu orci."
	},
	{
		"system": "android",
		"firstName": "Angil",
		"lastName": "Gommery",
		"mobileNumber": "429-192-7664",
		"message": "Curabitur in libero ut massa volutpat convallis. Morbi odio odio, elementum eu, interdum eu, tincidunt in, leo. Maecenas pulvinar lobortis est. Phasellus sit amet erat. Nulla tempus."
	},
	{
		"system": "ios",
		"firstName": "Brock",
		"lastName": "Baggs",
		"mobileNumber": "773-254-8003",
		"message": "Phasellus in felis. Donec semper sapien a libero. Nam dui. Proin leo odio, porttitor id, consequat in, consequat ut, nulla."
	},
	{
		"system": "ios",
		"firstName": "Tate",
		"lastName": "Fryman",
		"mobileNumber": "627-522-9790",
		"message": "Mauris enim leo, rhoncus sed, vestibulum sit amet, cursus id, turpis. Integer aliquet, massa id lobortis convallis, tortor risus dapibus augue, vel accumsan tellus nisi eu orci."
	},
	{
		"system": "android",
		"firstName": "Courtney",
		"lastName": "Skyner",
		"mobileNumber": "293-222-4205",
		"message": "Maecenas tincidunt lacus at velit. Vivamus vel nulla eget eros elementum pellentesque. Quisque porta volutpat erat. Quisque erat eros, viverra eget, congue eget, semper rutrum, nulla. Nunc purus."
	},
	{
		"system": "ios",
		"firstName": "Briana",
		"lastName": "Dewsnap",
		"mobileNumber": "983-168-5052",
		"message": "Donec diam neque, vestibulum eget, vulputate ut, ultrices vel, augue. Vestibulum ante ipsum primis in faucibus orci luctus et ultrices posuere cubilia Curae; Donec pharetra, magna vestibulum aliquet ultrices, erat tortor sollicitudin mi, sit amet lobortis sapien sapien non mi. Integer ac neque."
	},
	{
		"system": "android",
		"firstName": "Constance",
		"lastName": "Tompkin",
		"mobileNumber": "185-675-5047",
		"message": "Integer pede justo, lacinia eget, tincidunt eget, tempus vel, pede. Morbi porttitor lorem id ligula. Suspendisse ornare consequat lectus. In est risus, auctor sed, tristique in, tempus sit amet, sem."
	},
	{
		"system": "android",
		"firstName": "Kelley",
		"lastName": "Kays",
		"mobileNumber": "669-163-2598",
		"message": "Maecenas tincidunt lacus at velit. Vivamus vel nulla eget eros elementum pellentesque. Quisque porta volutpat erat. Quisque erat eros, viverra eget, congue eget, semper rutrum, nulla. Nunc purus."
	},
	{
		"system": "ios",
		"firstName": "Lorettalorna",
		"lastName": "Iggo",
		"mobileNumber": "409-940-0734",
		"message": "Nulla tellus. In sagittis dui vel nisl."
	},
	{
		"system": "android",
		"firstName": "Kelby",
		"lastName": "Gerrietz",
		"mobileNumber": "516-187-9352",
		"message": "Nulla tempus. Vivamus in felis eu sapien cursus vestibulum. Proin eu mi."
	},
	{
		"system": "android",
		"firstName": "Robinette",
		"lastName": "Ramalhete",
		"mobileNumber": "212-941-1878",
		"message": "Integer pede justo, lacinia eget, tincidunt eget, tempus vel, pede. Morbi porttitor lorem id ligula. Suspendisse ornare consequat lectus. In est risus, auctor sed, tristique in, tempus sit amet, sem."
	},
	{
		"system": "android",
		"firstName": "Shelba",
		"lastName": "Kingshott",
		"mobileNumber": "989-571-6937",
		"message": "Nulla facilisi. Cras non velit nec nisi vulputate nonummy."
	},
	{
		"system": "windows",
		"firstName": "Kellyann",
		"lastName": "Stailey",
		"mobileNumber": "839-272-0260",
		"message": "Morbi ut odio. Cras mi pede, malesuada in, imperdiet et, commodo vulputate, justo."
	},
	{
		"system": "ios",
		"firstName": "Laurel",
		"lastName": "Inchboard",
		"mobileNumber": "919-203-9389",
		"message": "Maecenas tincidunt lacus at velit. Vivamus vel nulla eget eros elementum pellentesque. Quisque porta volutpat erat."
	},
	{
		"system": "windows",
		"firstName": "Bili",
		"lastName": "Hatherley",
		"mobileNumber": "407-221-3366",
		"message": "Proin risus. Praesent lectus. Vestibulum quam sapien, varius ut, blandit non, interdum in, ante. Vestibulum ante ipsum primis in faucibus orci luctus et ultrices posuere cubilia Curae; Duis faucibus accumsan odio."
	},
	{
		"system": "ios",
		"firstName": "Yelena",
		"lastName": "Giff",
		"mobileNumber": "654-607-4365",
		"message": "Fusce posuere felis sed lacus. Morbi sem mauris, laoreet ut, rhoncus aliquet, pulvinar sed, nisl."
	},
	{
		"system": "ios",
		"firstName": "Olga",
		"lastName": "Gullan",
		"mobileNumber": "392-311-6633",
		"message": "Nulla tellus. In sagittis dui vel nisl. Duis ac nibh. Fusce lacus purus, aliquet at, feugiat non, pretium quis, lectus. Suspendisse potenti."
	},
	{
		"system": "windows",
		"firstName": "Sydel",
		"lastName": "Shinefield",
		"mobileNumber": "768-761-1230",
		"message": "Duis at velit eu est congue elementum. In hac habitasse platea dictumst. Morbi vestibulum, velit id pretium iaculis, diam erat fermentum justo, nec condimentum neque sapien placerat ante. Nulla justo. Aliquam quis turpis eget elit sodales scelerisque."
	},
	{
		"system": "windows",
		"firstName": "Faye",
		"lastName": "Stoggell",
		"mobileNumber": "484-696-5803",
		"message": "Duis aliquam convallis nunc. Proin at turpis a pede posuere nonummy. Integer non velit. Donec diam neque, vestibulum eget, vulputate ut, ultrices vel, augue."
	},
	{
		"system": "windows",
		"firstName": "Udall",
		"lastName": "Hilley",
		"mobileNumber": "458-762-8642",
		"message": "Nullam varius. Nulla facilisi. Cras non velit nec nisi vulputate nonummy."
	},
	{
		"system": "android",
		"firstName": "Annmaria",
		"lastName": "Aldham",
		"mobileNumber": "734-737-5449",
		"message": "Curabitur in libero ut massa volutpat convallis. Morbi odio odio, elementum eu, interdum eu, tincidunt in, leo."
	},
	{
		"system": "ios",
		"firstName": "Berthe",
		"lastName": "Ville",
		"mobileNumber": "795-718-2061",
		"message": "In eleifend quam a odio. In hac habitasse platea dictumst. Maecenas ut massa quis augue luctus tincidunt."
	},
	{
		"system": "android",
		"firstName": "Modestine",
		"lastName": "Immings",
		"mobileNumber": "865-623-2199",
		"message": "Etiam pretium iaculis justo. In hac habitasse platea dictumst. Etiam faucibus cursus urna. Ut tellus. Nulla ut erat id mauris vulputate elementum."
	},
	{
		"system": "android",
		"firstName": "Ginger",
		"lastName": "Cullrford",
		"mobileNumber": "102-346-3178",
		"message": "Nullam varius. Nulla facilisi. Cras non velit nec nisi vulputate nonummy."
	},
	{
		"system": "ios",
		"firstName": "Averil",
		"lastName": "Bounde",
		"mobileNumber": "796-828-7386",
		"message": "Donec dapibus. Duis at velit eu est congue elementum."
	},
	{
		"system": "ios",
		"firstName": "Letizia",
		"lastName": "Langhorne",
		"mobileNumber": "661-150-2475",
		"message": "Donec diam neque, vestibulum eget, vulputate ut, ultrices vel, augue. Vestibulum ante ipsum primis in faucibus orci luctus et ultrices posuere cubilia Curae; Donec pharetra, magna vestibulum aliquet ultrices, erat tortor sollicitudin mi, sit amet lobortis sapien sapien non mi. Integer ac neque."
	},
	{
		"system": "windows",
		"firstName": "Iggie",
		"lastName": "Meredyth",
		"mobileNumber": "902-808-1801",
		"message": "Proin eu mi. Nulla ac enim."
	},
	{
		"system": "android",
		"firstName": "Abran",
		"lastName": "Sheriff",
		"mobileNumber": "425-936-7968",
		"message": "Fusce consequat. Nulla nisl. Nunc nisl. Duis bibendum, felis sed interdum venenatis, turpis enim blandit mi, in porttitor pede justo eu massa."
	},
	{
		"system": "windows",
		"firstName": "Roana",
		"lastName": "Zecchii",
		"mobileNumber": "591-831-7173",
		"message": "Curabitur convallis. Duis consequat dui nec nisi volutpat eleifend. Donec ut dolor. Morbi vel lectus in quam fringilla rhoncus."
	},
	{
		"system": "android",
		"firstName": "Jordon",
		"lastName": "Blune",
		"mobileNumber": "937-347-1563",
		"message": "Integer ac neque. Duis bibendum."
	},
	{
		"system": "windows",
		"firstName": "Gina",
		"lastName": "Feighry",
		"mobileNumber": "266-725-9758",
		"message": "In sagittis dui vel nisl. Duis ac nibh. Fusce lacus purus, aliquet at, feugiat non, pretium quis, lectus. Suspendisse potenti."
	},
	{
		"system": "ios",
		"firstName": "Vincenz",
		"lastName": "Doorly",
		"mobileNumber": "866-743-0160",
		"message": "Cum sociis natoque penatibus et magnis dis parturient montes, nascetur ridiculus mus. Etiam vel augue. Vestibulum rutrum rutrum neque. Aenean auctor gravida sem."
	},
	{
		"system": "ios",
		"firstName": "Obed",
		"lastName": "Stadden",
		"mobileNumber": "244-869-0728",
		"message": "Nulla neque libero, convallis eget, eleifend luctus, ultricies eu, nibh. Quisque id justo sit amet sapien dignissim vestibulum."
	},
	{
		"system": "ios",
		"firstName": "Marjory",
		"lastName": "Heaney",
		"mobileNumber": "313-831-9829",
		"message": "Nulla facilisi. Cras non velit nec nisi vulputate nonummy."
	},
	{
		"system": "windows",
		"firstName": "Annemarie",
		"lastName": "Berrey",
		"mobileNumber": "372-797-2854",
		"message": "Nulla tellus. In sagittis dui vel nisl. Duis ac nibh. Fusce lacus purus, aliquet at, feugiat non, pretium quis, lectus."
	},
	{
		"system": "ios",
		"firstName": "Lionel",
		"lastName": "Finch",
		"mobileNumber": "989-672-1689",
		"message": "Morbi sem mauris, laoreet ut, rhoncus aliquet, pulvinar sed, nisl. Nunc rhoncus dui vel sem. Sed sagittis. Nam congue, risus semper porta volutpat, quam pede lobortis ligula, sit amet eleifend pede libero quis orci."
	},
	{
		"system": "windows",
		"firstName": "Cedric",
		"lastName": "Byart",
		"mobileNumber": "717-998-5323",
		"message": "Integer non velit. Donec diam neque, vestibulum eget, vulputate ut, ultrices vel, augue. Vestibulum ante ipsum primis in faucibus orci luctus et ultrices posuere cubilia Curae; Donec pharetra, magna vestibulum aliquet ultrices, erat tortor sollicitudin mi, sit amet lobortis sapien sapien non mi. Integer ac neque. Duis bibendum."
	},
	{
		"system": "windows",
		"firstName": "Francisco",
		"lastName": "Djekovic",
		"mobileNumber": "646-580-2482",
		"message": "Praesent blandit lacinia erat. Vestibulum sed magna at nunc commodo placerat. Praesent blandit. Nam nulla."
	},
	{
		"system": "ios",
		"firstName": "Cam",
		"lastName": "Golding",
		"mobileNumber": "649-337-7471",
		"message": "Morbi porttitor lorem id ligula. Suspendisse ornare consequat lectus. In est risus, auctor sed, tristique in, tempus sit amet, sem."
	},
	{
		"system": "windows",
		"firstName": "Audi",
		"lastName": "Hurn",
		"mobileNumber": "486-876-9782",
		"message": "Morbi porttitor lorem id ligula. Suspendisse ornare consequat lectus. In est risus, auctor sed, tristique in, tempus sit amet, sem. Fusce consequat. Nulla nisl."
	},
	{
		"system": "ios",
		"firstName": "Herb",
		"lastName": "Kleinber",
		"mobileNumber": "690-186-1381",
		"message": "Lorem ipsum dolor sit amet, consectetuer adipiscing elit. Proin interdum mauris non ligula pellentesque ultrices. Phasellus id sapien in sapien iaculis congue. Vivamus metus arcu, adipiscing molestie, hendrerit at, vulputate vitae, nisl."
	},
	{
		"system": "android",
		"firstName": "Hillary",
		"lastName": "Wandrach",
		"mobileNumber": "743-986-4259",
		"message": "Proin at turpis a pede posuere nonummy. Integer non velit. Donec diam neque, vestibulum eget, vulputate ut, ultrices vel, augue. Vestibulum ante ipsum primis in faucibus orci luctus et ultrices posuere cubilia Curae; Donec pharetra, magna vestibulum aliquet ultrices, erat tortor sollicitudin mi, sit amet lobortis sapien sapien non mi. Integer ac neque."
	},
	{
		"system": "android",
		"firstName": "Marguerite",
		"lastName": "Eisikowitz",
		"mobileNumber": "167-427-0997",
		"message": "Etiam pretium iaculis justo. In hac habitasse platea dictumst. Etiam faucibus cursus urna. Ut tellus."
	},
	{
		"system": "android",
		"firstName": "Burnard",
		"lastName": "Keming",
		"mobileNumber": "417-118-3993",
		"message": "Nulla ut erat id mauris vulputate elementum. Nullam varius. Nulla facilisi. Cras non velit nec nisi vulputate nonummy."
	},
	{
		"system": "windows",
		"firstName": "Joni",
		"lastName": "Kingsnorth",
		"mobileNumber": "474-722-6314",
		"message": "Maecenas ut massa quis augue luctus tincidunt. Nulla mollis molestie lorem."
	},
	{
		"system": "ios",
		"firstName": "Fernande",
		"lastName": "Tottem",
		"mobileNumber": "372-177-0287",
		"message": "Proin risus. Praesent lectus."
	},
	{
		"system": "ios",
		"firstName": "Wilhelmina",
		"lastName": "Savin",
		"mobileNumber": "378-792-3683",
		"message": "Nam nulla. Integer pede justo, lacinia eget, tincidunt eget, tempus vel, pede."
	},
	{
		"system": "ios",
		"firstName": "Corbie",
		"lastName": "Baldelli",
		"mobileNumber": "330-539-6948",
		"message": "Nunc purus. Phasellus in felis."
	},
	{
		"system": "ios",
		"firstName": "Ronnie",
		"lastName": "Syratt",
		"mobileNumber": "847-786-6443",
		"message": "In sagittis dui vel nisl. Duis ac nibh. Fusce lacus purus, aliquet at, feugiat non, pretium quis, lectus. Suspendisse potenti."
	},
	{
		"system": "ios",
		"firstName": "Crystie",
		"lastName": "Kroll",
		"mobileNumber": "607-249-3877",
		"message": "Fusce congue, diam id ornare imperdiet, sapien urna pretium nisl, ut volutpat sapien arcu sed augue. Aliquam erat volutpat. In congue. Etiam justo."
	},
	{
		"system": "android",
		"firstName": "Carena",
		"lastName": "Critchlow",
		"mobileNumber": "771-700-7107",
		"message": "Sed sagittis. Nam congue, risus semper porta volutpat, quam pede lobortis ligula, sit amet eleifend pede libero quis orci."
	},
	{
		"system": "ios",
		"firstName": "Donnajean",
		"lastName": "Shortan",
		"mobileNumber": "510-816-9076",
		"message": "Mauris lacinia sapien quis libero. Nullam sit amet turpis elementum ligula vehicula consequat. Morbi a ipsum. Integer a nibh."
	},
	{
		"system": "android",
		"firstName": "Poul",
		"lastName": "Digges",
		"mobileNumber": "148-341-8673",
		"message": "In hac habitasse platea dictumst. Aliquam augue quam, sollicitudin vitae, consectetuer eget, rutrum at, lorem. Integer tincidunt ante vel ipsum. Praesent blandit lacinia erat."
	},
	{
		"system": "android",
		"firstName": "Abbie",
		"lastName": "Sellors",
		"mobileNumber": "224-249-4556",
		"message": "Vivamus vel nulla eget eros elementum pellentesque. Quisque porta volutpat erat. Quisque erat eros, viverra eget, congue eget, semper rutrum, nulla."
	},
	{
		"system": "windows",
		"firstName": "Tildy",
		"lastName": "Bisp",
		"mobileNumber": "903-465-8599",
		"message": "Aliquam augue quam, sollicitudin vitae, consectetuer eget, rutrum at, lorem. Integer tincidunt ante vel ipsum."
	},
	{
		"system": "windows",
		"firstName": "Pieter",
		"lastName": "Shepperd",
		"mobileNumber": "891-529-5609",
		"message": "In hac habitasse platea dictumst. Aliquam augue quam, sollicitudin vitae, consectetuer eget, rutrum at, lorem. Integer tincidunt ante vel ipsum. Praesent blandit lacinia erat."
	},
	{
		"system": "windows",
		"firstName": "Helena",
		"lastName": "Chazotte",
		"mobileNumber": "812-373-6149",
		"message": "Duis bibendum. Morbi non quam nec dui luctus rutrum. Nulla tellus."
	},
	{
		"system": "windows",
		"firstName": "Murielle",
		"lastName": "Verick",
		"mobileNumber": "105-301-0573",
		"message": "Vestibulum quam sapien, varius ut, blandit non, interdum in, ante. Vestibulum ante ipsum primis in faucibus orci luctus et ultrices posuere cubilia Curae; Duis faucibus accumsan odio. Curabitur convallis. Duis consequat dui nec nisi volutpat eleifend. Donec ut dolor."
	},
	{
		"system": "android",
		"firstName": "Tobin",
		"lastName": "Scane",
		"mobileNumber": "118-410-9448",
		"message": "Sed accumsan felis. Ut at dolor quis odio consequat varius. Integer ac leo. Pellentesque ultrices mattis odio."
	},
	{
		"system": "android",
		"firstName": "Dyanna",
		"lastName": "Gozney",
		"mobileNumber": "215-971-8699",
		"message": "Nam ultrices, libero non mattis pulvinar, nulla pede ullamcorper augue, a suscipit nulla elit ac nulla. Sed vel enim sit amet nunc viverra dapibus. Nulla suscipit ligula in lacus. Curabitur at ipsum ac tellus semper interdum."
	},
	{
		"system": "android",
		"firstName": "Norene",
		"lastName": "Freeland",
		"mobileNumber": "539-841-2405",
		"message": "Aliquam quis turpis eget elit sodales scelerisque. Mauris sit amet eros. Suspendisse accumsan tortor quis turpis."
	},
	{
		"system": "windows",
		"firstName": "Karine",
		"lastName": "Gorry",
		"mobileNumber": "456-631-9432",
		"message": "Cras in purus eu magna vulputate luctus. Cum sociis natoque penatibus et magnis dis parturient montes, nascetur ridiculus mus. Vivamus vestibulum sagittis sapien."
	},
	{
		"system": "windows",
		"firstName": "Izabel",
		"lastName": "Gleadle",
		"mobileNumber": "179-621-9634",
		"message": "In hac habitasse platea dictumst. Aliquam augue quam, sollicitudin vitae, consectetuer eget, rutrum at, lorem. Integer tincidunt ante vel ipsum. Praesent blandit lacinia erat."
	},
	{
		"system": "android",
		"firstName": "Melba",
		"lastName": "Sywell",
		"mobileNumber": "941-434-9338",
		"message": "Proin interdum mauris non ligula pellentesque ultrices. Phasellus id sapien in sapien iaculis congue. Vivamus metus arcu, adipiscing molestie, hendrerit at, vulputate vitae, nisl."
	},
	{
		"system": "ios",
		"firstName": "Burch",
		"lastName": "Redsull",
		"mobileNumber": "594-637-1001",
		"message": "Aliquam erat volutpat. In congue. Etiam justo. Etiam pretium iaculis justo."
	},
	{
		"system": "ios",
		"firstName": "Ricki",
		"lastName": "Lenham",
		"mobileNumber": "347-374-0532",
		"message": "Nulla justo. Aliquam quis turpis eget elit sodales scelerisque. Mauris sit amet eros. Suspendisse accumsan tortor quis turpis."
	},
	{
		"system": "ios",
		"firstName": "Mikel",
		"lastName": "Almack",
		"mobileNumber": "421-550-5438",
		"message": "Suspendisse accumsan tortor quis turpis. Sed ante."
	},
	{
		"system": "windows",
		"firstName": "Mathilde",
		"lastName": "Lacasa",
		"mobileNumber": "664-305-2142",
		"message": "Vivamus vestibulum sagittis sapien. Cum sociis natoque penatibus et magnis dis parturient montes, nascetur ridiculus mus."
	},
	{
		"system": "ios",
		"firstName": "Luther",
		"lastName": "Burhill",
		"mobileNumber": "110-996-1888",
		"message": "Cras pellentesque volutpat dui. Maecenas tristique, est et tempus semper, est quam pharetra magna, ac consequat metus sapien ut nunc. Vestibulum ante ipsum primis in faucibus orci luctus et ultrices posuere cubilia Curae; Mauris viverra diam vitae quam. Suspendisse potenti."
	},
	{
		"system": "ios",
		"firstName": "Hildegaard",
		"lastName": "Bener",
		"mobileNumber": "993-931-7864",
		"message": "Donec dapibus. Duis at velit eu est congue elementum. In hac habitasse platea dictumst."
	},
	{
		"system": "windows",
		"firstName": "Paxton",
		"lastName": "Barehead",
		"mobileNumber": "600-717-4982",
		"message": "Nunc nisl. Duis bibendum, felis sed interdum venenatis, turpis enim blandit mi, in porttitor pede justo eu massa. Donec dapibus. Duis at velit eu est congue elementum. In hac habitasse platea dictumst."
	},
	{
		"system": "ios",
		"firstName": "Dulcia",
		"lastName": "Dodsworth",
		"mobileNumber": "212-540-3763",
		"message": "Aliquam non mauris. Morbi non lectus."
	},
	{
		"system": "windows",
		"firstName": "Roma",
		"lastName": "Foskew",
		"mobileNumber": "248-669-0585",
		"message": "Pellentesque viverra pede ac diam. Cras pellentesque volutpat dui. Maecenas tristique, est et tempus semper, est quam pharetra magna, ac consequat metus sapien ut nunc. Vestibulum ante ipsum primis in faucibus orci luctus et ultrices posuere cubilia Curae; Mauris viverra diam vitae quam. Suspendisse potenti."
	},
	{
		"system": "android",
		"firstName": "Ambur",
		"lastName": "Tarzey",
		"mobileNumber": "407-368-0941",
		"message": "Mauris enim leo, rhoncus sed, vestibulum sit amet, cursus id, turpis. Integer aliquet, massa id lobortis convallis, tortor risus dapibus augue, vel accumsan tellus nisi eu orci. Mauris lacinia sapien quis libero. Nullam sit amet turpis elementum ligula vehicula consequat."
	},
	{
		"system": "windows",
		"firstName": "Clementius",
		"lastName": "Feldmann",
		"mobileNumber": "278-624-1889",
		"message": "Morbi vestibulum, velit id pretium iaculis, diam erat fermentum justo, nec condimentum neque sapien placerat ante. Nulla justo. Aliquam quis turpis eget elit sodales scelerisque. Mauris sit amet eros."
	},
	{
		"system": "ios",
		"firstName": "Candie",
		"lastName": "McGeachey",
		"mobileNumber": "358-641-5274",
		"message": "Morbi a ipsum. Integer a nibh. In quis justo. Maecenas rhoncus aliquam lacus."
	},
	{
		"system": "ios",
		"firstName": "Karoline",
		"lastName": "Eskrigge",
		"mobileNumber": "962-651-3444",
		"message": "Duis ac nibh. Fusce lacus purus, aliquet at, feugiat non, pretium quis, lectus. Suspendisse potenti."
	},
	{
		"system": "android",
		"firstName": "Dorolisa",
		"lastName": "Lillo",
		"mobileNumber": "286-473-3587",
		"message": "Morbi sem mauris, laoreet ut, rhoncus aliquet, pulvinar sed, nisl. Nunc rhoncus dui vel sem. Sed sagittis. Nam congue, risus semper porta volutpat, quam pede lobortis ligula, sit amet eleifend pede libero quis orci."
	},
	{
		"system": "ios",
		"firstName": "Nannie",
		"lastName": "Lattimore",
		"mobileNumber": "613-915-2946",
		"message": "Vestibulum ante ipsum primis in faucibus orci luctus et ultrices posuere cubilia Curae; Nulla dapibus dolor vel est. Donec odio justo, sollicitudin ut, suscipit a, feugiat et, eros. Vestibulum ac est lacinia nisi venenatis tristique. Fusce congue, diam id ornare imperdiet, sapien urna pretium nisl, ut volutpat sapien arcu sed augue."
	},
	{
		"system": "ios",
		"firstName": "Griz",
		"lastName": "Chipping",
		"mobileNumber": "354-824-6041",
		"message": "Suspendisse potenti. In eleifend quam a odio."
	},
	{
		"system": "android",
		"firstName": "Min",
		"lastName": "Bailiss",
		"mobileNumber": "748-179-6544",
		"message": "Etiam pretium iaculis justo. In hac habitasse platea dictumst. Etiam faucibus cursus urna. Ut tellus."
	},
	{
		"system": "windows",
		"firstName": "Petey",
		"lastName": "Savine",
		"mobileNumber": "810-171-7941",
		"message": "Pellentesque ultrices mattis odio. Donec vitae nisi. Nam ultrices, libero non mattis pulvinar, nulla pede ullamcorper augue, a suscipit nulla elit ac nulla."
	},
	{
		"system": "windows",
		"firstName": "Ikey",
		"lastName": "Ciccarelli",
		"mobileNumber": "497-180-9440",
		"message": "Lorem ipsum dolor sit amet, consectetuer adipiscing elit. Proin interdum mauris non ligula pellentesque ultrices. Phasellus id sapien in sapien iaculis congue."
	},
	{
		"system": "android",
		"firstName": "Joelynn",
		"lastName": "Sirmond",
		"mobileNumber": "114-432-2462",
		"message": "Sed ante. Vivamus tortor. Duis mattis egestas metus."
	},
	{
		"system": "android",
		"firstName": "Enriqueta",
		"lastName": "Batchelor",
		"mobileNumber": "905-351-9417",
		"message": "Etiam vel augue. Vestibulum rutrum rutrum neque. Aenean auctor gravida sem. Praesent id massa id nisl venenatis lacinia."
	}
]